Model_1_MAE,Model_2_MAE,Model_1_RMSE,Model_2_RMSE,Best_Model
0.4986227683806345,0.4999919503955341,0.5759386031088607,0.57718744395874,Model_1
